Bill Number,Bill Title,Summarized Bill,Category,Tags
H20, An Act clarifying and normalizing non-public school service purchases,"Summary: An Act clarifying and normalizing non-public school service purchases allows members of a contributory retirement system who were previously employed as teachers in special education programs for school-aged children in non-public schools in Massachusetts to establish such service as creditable service by making a deposit into the annuity savings fund of the system. The bill specifies the conditions and terms for making such deposits and the maximum credit for service in non-public schools. It also defines ""non-public school"" and excludes activities in a residence or afterschool program from the definition.",Education,"1. Curriculum Development
2. Teacher Professional Development
3. Special Education Services"
H1," An Act making appropriations for the Fiscal Year 2024 for the maintenance of the departments, boards, commissions, institutions, and certain activities of the Commonwealth, for interest, sinking fund, and serial bond requirements, and for certain permanent improvements","Summary: An Act making appropriations for the Fiscal Year 2024 for the maintenance of the departments, boards, commissions, institutions, and certain activities of the Commonwealth, for interest, sinking fund, and serial bond requirements, and for certain permanent improvements. This bill outlines the budget allocations for various departments, boards, commissions, and institutions of the Commonwealth for the fiscal year 2024. It also includes provisions for interest, sinking fund, and serial bond requirements, as well as funding for certain permanent improvements. The bill may also include any amendments made during the legislative process.",The bill cannot be classified as it is labeled as 'nan' which typically means 'not a number' or 'not available'. More information is needed to classify the bill.,"The question does not provide a specific category to select tags from. However, based on the context provided, here are the top three tags from a few categories:

1. Budget and Appropriations: Government Spending Oversight, Emergency Fund Allocation, Public Debt Management
2. Public Safety: Emergency Response Planning, Disaster Preparedness Training, Cybersecurity Protocols
3. Environmental: Climate Change Mitigation, Renewable Energy Initiatives, Biodiversity Conservation
4. Transportation: Public Transit Expansion, Road Infrastructure Maintenance, Bike and Pedestrian Path Development
5. Technology and Innovation: Digital Privacy Laws, Data Security Measures, Innovation Investment Policies

Please specify a category for a more precise answer."
H10, An Act relative to the recovery of overearnings,"Summary: An Act relative to the recovery of overearnings

This bill seeks to amend paragraph (c) of Section 91 of chapter 32 of the general laws. The proposed amendment allows the retirement board of which the member is a retiree to recover an amount equal to the overearnings if the excess is not recovered by the appropriate treasurer or other person responsible for the payment of the compensation. However, the amount of the recovery cannot exceed the amount of the retirement allowance paid in the year in which the overearnings occurred.",Budget and Appropriations,"1. Government Spending Oversight
2. Public Debt Management
3. Pension Plan Reform"
H3121, An Act relative to the open meeting law,"The proposed amendment to SECTION 18 of chapter 30A of the General Laws in Massachusetts seeks to redefine the term ""Public Body"". Previously, the term did not include the general court or its committees or recess commissions. However, with this amendment, these entities could potentially be included in the definition of a ""Public Body"". This could mean that the general court and its committees or recess commissions would be subject to the same rules and regulations as other public bodies.",Public Safety,"1. Public Body Definition
2. Public Purpose Entities
3. Confidentiality of Personal Information"
H711, An Act providing a local option for ranked choice voting in municipal elections,"This Massachusetts bill proposes changes to the voting system in local elections. It introduces the option of ranked choice voting, where voters rank candidates in order of preference. This method can be used in elections with one or multiple winners, and the specifics of how it will be implemented will be determined by local ordinance or by-law. The bill also mandates voter education on ranked choice voting, and allows a city or town to revert to its previous voting method after four years if desired.",Government and Public Administration,"1. Legislation Amendments
2. Ranked Choice Voting
3. Voter Education and Outreach"
H489, An Act providing affordable and accessible high-quality early education and care to promote child development and well-being and support the economy in the Commonwealth,"The Massachusetts bill aims to improve early education and care (EEC) by revising funding, quality, and accessibility standards. It exempts EEC providers from certain price limitations, allowing for more flexible pricing structures. The bill defines key terms such as ""caregiver"" and ""high needs"" to clarify eligibility for financial assistance, which is expanded to cover a broader range of families and situations. It also mandates the collection of data on EEC providers and establishes a schedule for updating payment rates and family contributions, ensuring that EEC services are high-quality and more accessible to families in need.",Education,"1. Early Childhood Education
2. Child Care Policy
3. Educational Equity"
